Workbook

Sheet READ ME

Sheet Calculations
A1: Date | B1: VTI_Price | C1: BND_Price | D1: VTI_Return | E1: BND_Return | F1: Growth_Return | G1: Balanced_Return | H1: Preservation_Return | I1: Growth_Value | J1: Growth_Peak | K1: Balanced_Value | L1: Balanced_Peak | M1: Preservation_Value | N1: Preservation_Peak | O1: Growth_Drawdown | P1: Balanced_Drawdown | Q1: Preservation_Drawdown
A2: 40179 | B2: 41 | C2: 49.87 | D2: 0 | E2: 0 | F2: =0.9*D2+0.1*E2 -> 0 | G2: =0.6*D2+0.4*E2 -> 0 | H2: =0.3*D2+0.7*E2 -> 0 | I2: 10000 | J2: 10000 | K2: 10000 | L2: 10000 | M2: 10000 | N2: 10000 | O2: 0 | P2: =(K2/L2)-1 -> 0 | Q2: =(M2/N2)-1 -> 0
A3: 40210 | B3: 42.41 | C3: 49.88 | D3: =B3/B2-1 -> 0.034390244 | E3: =C3/C2-1 -> 0.00020052136 | F3: =0.9*D3+0.1*E3 -> 0.030971272 | G3: =0.6*D3+0.4*E3 -> 0.020714355 | H3: =0.3*D3+0.7*E3 -> 0.010457438 | I3: =I2*(1+F3) -> 10309.713 | J3: =MAX(J2,I3) -> 10309.713 | K3: =K2*(1+G3) -> 10207.144 | L3: =MAX(L2,K3) -> 10207.144 | M3: =M2*(1+H3) -> 10104.574 | N3: =MAX(N2,M3) -> 10104.574 | O3: =(I3/J3)-1 -> 0 | P3: =(K3/L3)-1 -> 0 | Q3: =(M3/N3)-1 -> 0
A4: 40238 | B4: 44.94 | C4: 49.78 | D4: =B4/B3-1 -> 0.059655742 | E4: =C4/C3-1 -> -0.0020048115 | F4: =0.9*D4+0.1*E4 -> 0.053489686 | G4: =0.6*D4+0.4*E4 -> 0.03499152 | H4: =0.3*D4+0.7*E4 -> 0.016493354 | I4: =I3*(1+F4) -> 10861.176 | J4: =MAX(J3,I4) -> 10861.176 | K4: =K3*(1+G4) -> 10564.307 | L4: =MAX(L3,K4) -> 10564.307 | M4: =M3*(1+H4) -> 10271.233 | N4: =MAX(N3,M4) -> 10271.233 | O4: =(I4/J4)-1 -> 0 | P4: =(K4/L4)-1 -> 0 | Q4: =(M4/N4)-1 -> 0
A5: 40269 | B5: 46.1 | C5: 50.3 | D5: =B5/B4-1 -> 0.025812194 | E5: =C5/C4-1 -> 0.010445962 | F5: =0.9*D5+0.1*E5 -> 0.024275571 | G5: =0.6*D5+0.4*E5 -> 0.019665701 | H5: =0.3*D5+0.7*E5 -> 0.015055832 | I5: =I4*(1+F5) -> 11124.837 | J5: =MAX(J4,I5) -> 11124.837 | K5: =K4*(1+G5) -> 10772.062 | L5: =MAX(L4,K5) -> 10772.062 | M5: =M4*(1+H5) -> 10425.875 | N5: =MAX(N4,M5) -> 10425.875 | O5: =(I5/J5)-1 -> 0 | P5: =(K5/L5)-1 -> 0 | Q5: =(M5/N5)-1 -> 0
A6: 40299 | B6: 42.47 | C6: 50.87 | D6: =B6/B5-1 -> -0.078741866 | E6: =C6/C5-1 -> 0.011332008 | F6: =0.9*D6+0.1*E6 -> -0.069734478 | G6: =0.6*D6+0.4*E6 -> -0.042712316 | H6: =0.3*D6+0.7*E6 -> -0.015690154 | I6: =I5*(1+F6) -> 10349.053 | J6: =MAX(J5,I6) -> 11124.837 | K6: =K5*(1+G6) -> 10311.962 | L6: =MAX(L5,K6) -> 10772.062 | M6: =M5*(1+H6) -> 10262.291 | N6: =MAX(N5,M6) -> 10425.875 | O6: =(I6/J6)-1 -> -0.069734478 | P6: =(K6/L6)-1 -> -0.042712316 | Q6: =(M6/N6)-1 -> -0.015690154
A7: 40330 | B7: 39.8 | C7: 51.61 | D7: =B7/B6-1 -> -0.062867907 | E7: =C7/C6-1 -> 0.014546884 | F7: =0.9*D7+0.1*E7 -> -0.055126428 | G7: =0.6*D7+0.4*E7 -> -0.03190199 | H7: =0.3*D7+0.7*E7 -> -0.0086775531 | I7: =I6*(1+F7) -> 9778.5462 | J7: =MAX(J6,I7) -> 11124.837 | K7: =K6*(1+G7) -> 9982.9897 | L7: =MAX(L6,K7) -> 10772.062 | M7: =M6*(1+H7) -> 10173.24 | N7: =MAX(N6,M7) -> 10425.875 | O7: =(I7/J7)-1 -> -0.12101669 | P7: =(K7/L7)-1 -> -0.073251699 | Q7: =(M7/N7)-1 -> -0.024231555
A8: 40360 | B8: 42.79 | C8: 52.07 | D8: =B8/B7-1 -> 0.075125628 | E8: =C8/C7-1 -> 0.0089130014 | F8: =0.9*D8+0.1*E8 -> 0.068504365 | G8: =0.6*D8+0.4*E8 -> 0.048640577 | H8: =0.3*D8+0.7*E8 -> 0.028776789 | I8: =I7*(1+F8) -> 10448.419 | J8: =MAX(J7,I8) -> 11124.837 | K8: =K7*(1+G8) -> 10468.568 | L8: =MAX(L7,K8) -> 10772.062 | M8: =M7*(1+H8) -> 10465.993 | N8: =MAX(N7,M8) -> 10465.993 | O8: =(I8/J8)-1 -> -0.060802499 | P8: =(K8/L8)-1 -> -0.028174126 | Q8: =(M8/N8)-1 -> 0
A9: 40391 | B9: 40.78 | C9: 52.88 | D9: =B9/B8-1 -> -0.046973592 | E9: =C9/C8-1 -> 0.015555982 | F9: =0.9*D9+0.1*E9 -> -0.040720635 | G9: =0.6*D9+0.4*E9 -> -0.021961762 | H9: =0.3*D9+0.7*E9 -> -0.00320289 | I9: =I8*(1+F9) -> 10022.953 | J9: =MAX(J8,I9) -> 11124.837 | K9: =K8*(1+G9) -> 10238.66 | L9: =MAX(L8,K9) -> 10772.062 | M9: =M8*(1+H9) -> 10432.471 | N9: =MAX(N8,M9) -> 10465.993 | O9: =(I9/J9)-1 -> -0.099047218 | P9: =(K9/L9)-1 -> -0.049517135 | Q9: =(M9/N9)-1 -> -0.00320289
A10: 40422 | B10: 44.41 | C10: 52.88 | D10: =B10/B9-1 -> 0.089014223 | E10: =C10/C9-1 -> 0 | F10: =0.9*D10+0.1*E10 -> 0.0801128 | G10: =0.6*D10+0.4*E10 -> 0.053408534 | H10: =0.3*D10+0.7*E10 -> 0.026704267 | I10: =I9*(1+F10) -> 10825.92 | J10: =MAX(J9,I10) -> 11124.837 | K10: =K9*(1+G10) -> 10785.492 | L10: =MAX(L9,K10) -> 10785.492 | M10: =M9*(1+H10) -> 10711.063 | N10: =MAX(N9,M10) -> 10711.063 | O10: =(I10/J10)-1 -> -0.026869367 | P10: =(K10/L10)-1 -> 0 | Q10: =(M10/N10)-1 -> 0
A11: 40452 | B11: 46.43 | C11: 53.05 | D11: =B11/B10-1 -> 0.045485251 | E11: =C11/C10-1 -> 0.003214826 | F11: =0.9*D11+0.1*E11 -> 0.041258209 | G11: =0.6*D11+0.4*E11 -> 0.028577081 | H11: =0.3*D11+0.7*E11 -> 0.015895954 | I11: =I10*(1+F11) -> 11272.578 | J11: =MAX(J10,I11) -> 11272.578 | K11: =K10*(1+G11) -> 11093.71 | L11: =MAX(L10,K11) -> 11093.71 | M11: =M10*(1+H11) -> 10881.325 | N11: =MAX(N10,M11) -> 10881.325 | O11: =(I11/J11)-1 -> 0 | P11: =(K11/L11)-1 -> 0 | Q11: =(M11/N11)-1 -> 0
A12: 40483 | B12: 46.67 | C12: 52.68 | D12: =B12/B11-1 -> 0.0051690717 | E12: =C12/C11-1 -> -0.0069745523 | F12: =0.9*D12+0.1*E12 -> 0.0039547093 | G12: =0.6*D12+0.4*E12 -> 0.00031162211 | H12: =0.3*D12+0.7*E12 -> -0.0033314651 | I12: =I11*(1+F12) -> 11317.158 | J12: =MAX(J11,I12) -> 11317.158 | K12: =K11*(1+G12) -> 11097.167 | L12: =MAX(L11,K12) -> 11097.167 | M12: =M11*(1+H12) -> 10845.075 | N12: =MAX(N11,M12) -> 10881.325 | O12: =(I12/J12)-1 -> 0 | P12: =(K12/L12)-1 -> 0 | Q12: =(M12/N12)-1 -> -0.0033314651
A13: 40513 | B13: 49.65 | C13: 51.77 | D13: =B13/B12-1 -> 0.063852582 | E13: =C13/C12-1 -> -0.017274108 | F13: =0.9*D13+0.1*E13 -> 0.055739913 | G13: =0.6*D13+0.4*E13 -> 0.031401906 | H13: =0.3*D13+0.7*E13 -> 0.0070638991 | I13: =I12*(1+F13) -> 11947.975 | J13: =MAX(J12,I13) -> 11947.975 | K13: =K12*(1+G13) -> 11445.639 | L13: =MAX(L12,K13) -> 11445.639 | M13: =M12*(1+H13) -> 10921.683 | N13: =MAX(N12,M13) -> 10921.683 | O13: =(I13/J13)-1 -> 0 | P13: =(K13/L13)-1 -> 0 | Q13: =(M13/N13)-1 -> 0
A14: 40544 | B14: 50.94 | C14: 52.34 | D14: =B14/B13-1 -> 0.025981873 | E14: =C14/C13-1 -> 0.011010238 | F14: =0.9*D14+0.1*E14 -> 0.02448471 | G14: =0.6*D14+0.4*E14 -> 0.019993219 | H14: =0.3*D14+0.7*E14 -> 0.015501728 | I14: =I13*(1+F14) -> 12240.518 | J14: =MAX(J13,I14) -> 12240.518 | K14: =K13*(1+G14) -> 11674.474 | L14: =MAX(L13,K14) -> 11674.474 | M14: =M13*(1+H14) -> 11090.988 | N14: =MAX(N13,M14) -> 11090.988 | O14: =(I14/J14)-1 -> 0 | P14: =(K14/L14)-1 -> 0 | Q14: =(M14/N14)-1 -> 0
... A193: 45992 | B193: 334.32 | C193: 73.59 | D193: =B193/B192-1 -> -0.003101145 | E193: =C193/C192-1 -> -0.0062120189 | F193: =0.9*D193+0.1*E193 -> -0.0034122324 | G193: =0.6*D193+0.4*E193 -> -0.0043454946 | H193: =0.3*D193+0.7*E193 -> -0.0052787567 | I193: =I192*(1+F193) -> 69812.54 | J193: =MAX(J192,I193) -> 70051.572 | K193: =K192*(1+G193) -> 42908.258 | L193: =MAX(L192,K193) -> 43095.53 | M193: =M192*(1+H193) -> 25560.355 | N193: =MAX(N192,M193) -> 25695.998 | O193: =(I193/J193)-1 -> -0.0034122324 | P193: =(K193/L193)-1 -> -0.0043454946 | Q193: =(M193/N193)-1 -> -0.0052787567

Sheet Raw data
A1: Date | B1: VTI_Price | C1: BND_Price
A2: 40179 | B2: 41 | C2: 49.87
A3: 40210 | B3: 42.41 | C3: 49.88
A4: 40238 | B4: 44.94 | C4: 49.78
A5: 40269 | B5: 46.1 | C5: 50.3
A6: 40299 | B6: 42.47 | C6: 50.87
A7: 40330 | B7: 39.8 | C7: 51.61
A8: 40360 | B8: 42.79 | C8: 52.07
A9: 40391 | B9: 40.78 | C9: 52.88
A10: 40422 | B10: 44.41 | C10: 52.88
A11: 40452 | B11: 46.43 | C11: 53.05
A12: 40483 | B12: 46.67 | C12: 52.68
A13: 40513 | B13: 49.65 | C13: 51.77
... A193: 45992 | B193: 334.32 | C193: 73.59

Sheet Returns
A1: Date | B1: VTI_Return | C1: BND_Return
A2: 40179 | B2: 0 | C2: 0
A3: 40210 | B3: 0.034390244 | C3: 0.00020052136
A4: 40238 | B4: 0.059655742 | C4: -0.0020048115
A5: 40269 | B5: 0.025812194 | C5: 0.010445962
A6: 40299 | B6: -0.078741866 | C6: 0.011332008
A7: 40330 | B7: -0.062867907 | C7: 0.014546884
A8: 40360 | B8: 0.075125628 | C8: 0.0089130014
A9: 40391 | B9: -0.046973592 | C9: 0.015555982
A10: 40422 | B10: 0.089014223 | C10: 0
A11: 40452 | B11: 0.045485251 | C11: 0.003214826
A12: 40483 | B12: 0.0051690717 | C12: -0.0069745523
A13: 40513 | B13: 0.063852582 | C13: -0.017274108
... A193: 45992 | B193: -0.003101145 | C193: -0.0062120189

Sheet Portfolio_Returns
A1: Date | B1: Growth_Return | C1: Balanced_Return | D1: Preservation_Return
A2: 40179 | B2: 0 | C2: 0 | D2: 0
A3: 40210 | B3: 0.030971272 | C3: 0.020714355 | D3: 0.010457438
A4: 40238 | B4: 0.053489686 | C4: 0.03499152 | D4: 0.016493354
A5: 40269 | B5: 0.024275571 | C5: 0.019665701 | D5: 0.015055832
A6: 40299 | B6: -0.069734478 | C6: -0.042712316 | D6: -0.015690154
A7: 40330 | B7: -0.055126428 | C7: -0.03190199 | D7: -0.0086775531
A8: 40360 | B8: 0.068504365 | C8: 0.048640577 | D8: 0.028776789
A9: 40391 | B9: -0.040720635 | C9: -0.021961762 | D9: -0.00320289
A10: 40422 | B10: 0.0801128 | C10: 0.053408534 | D10: 0.026704267
A11: 40452 | B11: 0.041258209 | C11: 0.028577081 | D11: 0.015895954
A12: 40483 | B12: 0.0039547093 | C12: 0.00031162211 | D12: -0.0033314651
A13: 40513 | B13: 0.055739913 | C13: 0.031401906 | D13: 0.0070638991
... A193: 45992 | B193: -0.0034122324 | C193: -0.0043454946 | D193: -0.0052787567

Sheet Portfolio_Values
A1: Date | B1: Growth_Value | C1: Balanced_Value | D1: Preservation_Value
A2: 40179 | B2: 10000 | C2: 10000 | D2: 10000
A3: 40210 | B3: 10309.713 | C3: 10207.144 | D3: 10104.574
A4: 40238 | B4: 10861.176 | C4: 10564.307 | D4: 10271.233
A5: 40269 | B5: 11124.837 | C5: 10772.062 | D5: 10425.875
A6: 40299 | B6: 10349.053 | C6: 10311.962 | D6: 10262.291
A7: 40330 | B7: 9778.5462 | C7: 9982.9897 | D7: 10173.24
A8: 40360 | B8: 10448.419 | C8: 10468.568 | D8: 10465.993
A9: 40391 | B9: 10022.953 | C9: 10238.66 | D9: 10432.471
A10: 40422 | B10: 10825.92 | C10: 10785.492 | D10: 10711.063
A11: 40452 | B11: 11272.578 | C11: 11093.71 | D11: 10881.325
A12: 40483 | B12: 11317.158 | C12: 11097.167 | D12: 10845.075
A13: 40513 | B13: 11947.975 | C13: 11445.639 | D13: 10921.683
... A193: 45992 | B193: 69812.54 | C193: 42908.258 | D193: 25560.355

Sheet Drawdowns
A1: Date | B1: Growth_Value | C1: Growth_Peak | D1: Balanced_Value | E1: Balanced_Peak | F1: Preservation_Value | G1: Preservation_Peak | H1: Growth_Drawdown | I1: Balanced_Drawdown | J1: Preservation_Drawdown
A2: 40179 | B2: 10000 | C2: 10000 | D2: 10000 | E2: 10000 | F2: 10000 | G2: 10000 | H2: 0 | I2: 0 | J2: 0
A3: 40210 | B3: 10309.713 | C3: 10309.713 | D3: 10207.144 | E3: 10207.144 | F3: 10104.574 | G3: 10104.574 | H3: 0 | I3: 0 | J3: 0
A4: 40238 | B4: 10861.176 | C4: 10861.176 | D4: 10564.307 | E4: 10564.307 | F4: 10271.233 | G4: 10271.233 | H4: 0 | I4: 0 | J4: 0
A5: 40269 | B5: 11124.837 | C5: 11124.837 | D5: 10772.062 | E5: 10772.062 | F5: 10425.875 | G5: 10425.875 | H5: 0 | I5: 0 | J5: 0
A6: 40299 | B6: 10349.053 | C6: 11124.837 | D6: 10311.962 | E6: 10772.062 | F6: 10262.291 | G6: 10425.875 | H6: -0.069734478 | I6: -0.042712316 | J6: -0.015690154
A7: 40330 | B7: 9778.5462 | C7: 11124.837 | D7: 9982.9897 | E7: 10772.062 | F7: 10173.24 | G7: 10425.875 | H7: -0.12101669 | I7: -0.073251699 | J7: -0.024231555
A8: 40360 | B8: 10448.419 | C8: 11124.837 | D8: 10468.568 | E8: 10772.062 | F8: 10465.993 | G8: 10465.993 | H8: -0.060802499 | I8: -0.028174126 | J8: 0
A9: 40391 | B9: 10022.953 | C9: 11124.837 | D9: 10238.66 | E9: 10772.062 | F9: 10432.471 | G9: 10465.993 | H9: -0.099047218 | I9: -0.049517135 | J9: -0.00320289
A10: 40422 | B10: 10825.92 | C10: 11124.837 | D10: 10785.492 | E10: 10785.492 | F10: 10711.063 | G10: 10711.063 | H10: -0.026869367 | I10: 0 | J10: 0
A11: 40452 | B11: 11272.578 | C11: 11272.578 | D11: 11093.71 | E11: 11093.71 | F11: 10881.325 | G11: 10881.325 | H11: 0 | I11: 0 | J11: 0
A12: 40483 | B12: 11317.158 | C12: 11317.158 | D12: 11097.167 | E12: 11097.167 | F12: 10845.075 | G12: 10881.325 | H12: 0 | I12: 0 | J12: -0.0033314651
A13: 40513 | B13: 11947.975 | C13: 11947.975 | D13: 11445.639 | E13: 11445.639 | F13: 10921.683 | G13: 10921.683 | H13: 0 | I13: 0 | J13: 0
... A193: 45992 | B193: 69812.54 | C193: 70051.572 | D193: 42908.258 | E193: 43095.53 | F193: 25560.355 | G193: 25695.998 | H193: -0.0034122324 | I193: -0.0043454946 | J193: -0.0052787567

Sheet Metrics
A1: Metric | B1: Growth | C1: Balanced | D1: Preservation
A2: CAGR | B2: =(Calculations!I193 /Calculations!I2)^(1/15.917)-1 -> 0.12985025 | C2: =(Calculations!K193/Calculations!K2)^(1/15.917)-1 -> 0.095821852 | D2: =(Calculations!M193/Calculations!M2)^(1/15.917)-1 -> 0.060732218
A3: Volatility | B3: =STDEV(Portfolio_Returns!B2:B193)*SQRT(12) -> 0.13663518 | C3: =STDEV(Portfolio_Returns!C2:C193)*SQRT(12) -> 0.096815492 | D3: =STDEV(Portfolio_Returns!D2:D193)*SQRT(12) -> 0.062021569
A4: Max Drawdown | B4: =MIN(Drawdowns!H2:H193) -> -0.23797257 | C4: =MIN(Drawdowns!I2:I193) -> -0.20596934 | D4: =MIN(Drawdowns!J2:J193) -> -0.17423551
A5: Worst Monthly Return | B5: =MIN(Portfolio_Returns!B2:B193) -> -0.13025811 | C5: =MIN(Portfolio_Returns!C2:C193) -> -0.091558746 | D5: =MIN(Portfolio_Returns!D2:D193) -> -0.058241642

Sheet Chart
A1: Portfolio Growth Over Time

Sheet Regime Analysis
A1: Market Regime Analysis
A2: Regimes Analyzed
A3: 2010-2019: Expansion
A4: 2020: COVID Shock
A5: 2022: Rate Hike Shock
A7: Regime | B7: Growth Max | C7: Balanced Max | D7: Preservation Max
A8: 2010-2019 | B8: =MIN(Drawdowns!H2:H121) -> -0.15903426 | C8: =MIN(Drawdowns!I2:I121) -> -0.093477791 | D8: =MIN(Drawdowns!J2:J121) -> -0.03882932
A9: 2020 | B9: =MIN(Drawdowns!H122:H133) -> -0.19157824 | C9: =MIN(Drawdowns!I122:I133) -> -0.12986552 | D9: =MIN(Drawdowns!J122:J133) -> -0.065959621
A10: 2022 | B10: =MIN(Drawdowns!H146:H157) -> -0.23797257 | C10: =MIN(Drawdowns!I146:I157) -> -0.20596934 | D10: =MIN(Drawdowns!J146:J157) -> -0.17423551

Sheet Assumptions
